,sum_sq,df,F,PR(>F)
Tissue,2580.086522222356,5.0,274.56744608057124,2.2869625932490525e-145
Chronological_Age_weeks,401.11922904263577,1.0,213.43137399357465,6.093540603364709e-41
Chronological_Age_weeks:Tissue,143.85005228602682,5.0,15.308223633024019,4.4238120508189314e-14
Residual,1009.2285026585644,537.0,,
