,df_resid,ssr,df_diff,ss_diff,F,Pr(>F)
0,542.0,1153.0785549445905,0.0,,,
1,537.0,1009.2285026585644,5.0,143.85005228602608,15.308223633023943,4.423812050819497e-14
