,df_resid,ssr,df_diff,ss_diff,F,Pr(>F)
0,57.0,591.3527922480603,0.0,,,
1,54.0,433.86005397304746,3.0,157.4927382750128,6.534063836921802,0.0007505526523816517
