,sum_sq,df,F,PR(>F)
Tissue,298.3773343694049,3.0,12.379088532042951,2.8370507382966895e-06
Chronological_Age_weeks,3741.0312615103603,1.0,465.6240791739476,3.2187399668808557e-28
Chronological_Age_weeks:Tissue,157.49273827501307,3.0,6.5340638369218125,0.0007505526523816423
Residual,433.86005397304746,54.0,,
